"Reference","Value","Footprint","QUANTITY"
"A2","Arduino_Nano_v3.x","Module:Arduino_Nano","1"
"C1-C9,C11,C13-C18","100n","Capacitor_THT:C_Disc_D5.0mm_W2.5mm_P5.00mm","16"
"C10","100u","Capacitor_THT:CP_Radial_D5.0mm_P2.50mm","1"
"C12","10u","Capacitor_THT:CP_Radial_D5.0mm_P2.50mm","1"
"J1,J2","Conn_01x08","TerminalBlock_Phoenix:TerminalBlock_Phoenix_MPT-0,5-8-2.54_1x08_P2.54mm_Horizontal","2"
"J3","Conn_01x04","Connector_PinSocket_2.54mm:PinSocket_1x04_P2.54mm_Vertical","1"
"J5","Conn_01x06","Connector_PinSocket_2.54mm:PinSocket_1x06_P2.54mm_Vertical","1"
"MUXA1,MUXB1,MUXC1,MUXD1","CD74HC4067M","Package_DIP:DIP-24_W15.24mm","4"
"R1,R2,R4,R5,R7-R9","10k","Resistor_THT:R_Axial_DIN0207_L6.3mm_D2.5mm_P10.16mm_Horizontal","7"
"R3,R6","1k","Resistor_THT:R_Axial_DIN0207_L6.3mm_D2.5mm_P10.16mm_Horizontal","2"
"U1","ADS1115IDGS","Connector_PinSocket_2.54mm:PinSocket_1x10_P2.54mm_Vertical","1"
"U2","AD620","Package_DIP:DIP-8_W7.62mm","1"
"U3","L298N","Package_TO_SOT_THT:TO-220-15_P2.54x5.08mm_StaggerOdd_Lead4.58mm_Vertical","1"
"U5","LM358","Package_DIP:DIP-8_W7.62mm","1"
"U6-U8","74HC595","Package_DIP:DIP-16_W7.62mm_Socket","3"
"VINJ1","Conn_01x02","TerminalBlock_Phoenix:TerminalBlock_Phoenix_MPT-0,5-2-2.54_1x02_P2.54mm_Horizontal","1"
